,age_range,#NAME?,#NAME?,#NAME?,#NAME?,#NAME?,#NAME?,harass_np,,harass_np_year,haras_np_day,harass_np_place,right_viol,right_viol_year,,right_viol_day,right_viol_place,confidence_level_np,one_word,suggestions
0,15 - 39,Always,Nigerian Mobile Police,"When asked about my vehicle papers, am asked politely ",Rarely,,,No,,,,,No,,2,,,4,pleasant.,Reform 
1,15 - 39,Rarely,Nigerian Mobile Police,,Rarely,,,No,,,,,Yes,2021,2,,,6,,
1,15 - 39,Rarely,National Security Organization,,Rarely,,,No,,,,,Yes,2021,,,,6,,
1,15 - 39,Rarely,National Security Organization,,Rarely,,,No,,,,,Yes,2020,2,,,6,,
2,15 - 39,Rarely,Nigerian Mobile Police,,Often,Nigerian Mobile Police,,No,,,,,No,,1,,,3,,Their major goal should be to protect and help the citizen 
3,15 - 39,Rarely,National Intelligence Agency,I was politely approached,Often,Nigerian Mobile Police,Harassed,Yes,,2019,Monday,Abia,Yes,2019,6,Tuesday,Abia,3,Bad,They should have a good manner of approach and speak to Nigerians as citizens and not criminals
4,15 - 39,Rarely,National Security Organization,Direction,Often,Nigerian Mobile Police,Bribery & Corruption,Yes,,2016,Saturday,Anambra,Yes,2021,6,Saturday,Anambra,1,Awful,Rebrand
4,15 - 39,Rarely,National Security Organization,Direction,Often,Nigerian Mobile Police,Bribery & Corruption,Yes,,2016,Saturday,Anambra,Yes,2020,6,Saturday,Anambra,1,Awful,Rebrand
4,15 - 39,Rarely,National Security Organization,Direction,Often,Nigerian Mobile Police,Bribery & Corruption,Yes,,2016,Saturday,Anambra,Yes,2019,6,Saturday,Anambra,1,Awful,Rebrand
4,15 - 39,Rarely,National Security Organization,Direction,Often,Nigerian Mobile Police,Bribery & Corruption,Yes,,2016,Saturday,Anambra,Yes,2018,6,Saturday,Anambra,1,Awful,Rebrand
4,15 - 39,Rarely,National Security Organization,Direction,Often,Nigerian Mobile Police,Bribery & Corruption,Yes,,2016,Saturday,Anambra,Yes,2017,6,Saturday,Anambra,1,Awful,Rebrand
4,15 - 39,Rarely,National Security Organization,Direction,Often,Nigerian Mobile Police,Bribery & Corruption,Yes,,2016,Saturday,Anambra,Yes,2016,,Saturday,Anambra,1,Awful,Rebrand
5,15 - 39,Rarely,Nigerian Mobile Police,,Rarely,Nigerian Mobile Police,,Yes,,2019,Friday,Delta,Yes,2019,,Friday,Delta,3,,MENTAL-CHECK RESENSITIZATION ON ETHICS HUMAN-RIGHTS
6,15 - 39,Often,Nigerian Mobile Police,Feel relaxed especially here in lagos,Rarely,Nigerian Mobile Police,"Unnecessary intimidation if you fall for them, here in lagos road transport workers are always in battle with them cos of extortion ",No,,,,,No,,,,,7,fear and bribery,Government should pay them well and the laws in the land should be very clear to us all
7,15 - 39,Rarely,Nigerian Mobile Police,Embarrassing ,Rarely,Nigerian Mobile Police,,Yes,,2021,Monday,Lagos,Yes,2021,,Wednesday,Lagos,1,Bad,Should stop forcing on young boys and do their work
8,15 - 39,Rarely,Nigerian Mobile Police,,Rarely,Nigerian Mobile Police,,No,,,,,Yes,2020,,,Rivers,5,,
9,15 - 39,Rarely,National Intelligence Agency,,Often,Nigerian Mobile Police,,No,,,,,Yes,2021,,,Imo,2,,
9,15 - 39,Rarely,National Intelligence Agency,,Often,Nigerian Mobile Police,,No,,,,,Yes,2020,,,Rivers,2,,
9,15 - 39,Rarely,National Intelligence Agency,,Often,Nigerian Mobile Police,,No,,,,,Yes,2019,,,Lagos,2,,
9,15 - 39,Rarely,National Intelligence Agency,,Often,Nigerian Mobile Police,,No,,,,,Yes,2018,,,Imo,2,,
9,15 - 39,Rarely,National Intelligence Agency,,Often,Nigerian Mobile Police,,No,,,,,Yes,2017,,,Lagos,2,,
9,15 - 39,Rarely,National Intelligence Agency,,Often,Nigerian Mobile Police,,No,,,,,Yes,2016,,,Rivers,2,,
10,15 - 39,Rarely,,,Rarely,,,No,,,,,Yes,2021,,Friday,Enugu,1,money and bribery,The people who are meant to be protecting us are supposed to be well fed and taken care. That is to say that their salary and allowances should be greatly improved....then a system of fishing out the criminals disguising as Police officers should be introduced. E.g whistle blowing policy etc.
10,15 - 39,Rarely,,,Rarely,,,No,,,,,Yes,2020,,Friday,Enugu,1,,The people who are meant to be protecting us are supposed to be well fed and taken care. That is to say that their salary and allowances should be greatly improved....then a system of fishing out the criminals disguising as Police officers should be introduced. E.g whistle blowing policy etc.
11,15 - 39,Rarely,Nigerian Mobile Police,They were promt in responding to my complain.,Rarely,Nigerian Mobile Police,Leaving duty post before time and displaying their best when the object is their own subject. Not taking quick action when the complaint is nobody in the society.,Yes,,2012,Thursday,Kogi,Yes,2020,,Wednesday,Plateau,2,Distrust,The Nigerian Police should try as much as possible to gain back the confidence of the people because so many things is happening in the society and the people are afraid to report. When you do report you'll be the culprit. So they should show love to the people and make them know that they're there to serve and protect them. 
12,15 - 39,Rarely,Nigerian Mobile Police,,Rarely,,,No,,,,,Yes,2021,,Saturday,Lagos,4,,
12,15 - 39,Rarely,Nigerian Mobile Police,,Rarely,,,No,,,,,Yes,2020,,Saturday,Ogun,4,,
12,15 - 39,Rarely,Nigerian Mobile Police,,Rarely,,,No,,,,,Yes,2019,,Saturday,Lagos,4,,
12,15 - 39,Rarely,Nigerian Mobile Police,,Rarely,,,No,,,,,Yes,2018,,Saturday,Ogun,4,,
13,15 - 39,Rarely,National Drug Law Enforcement Agency,Saw them raid a drug smuggling neighbourhood,Often,Nigerian Mobile Police,Taking Bribe,No,,,,,Yes,2020,,Saturday,Lagos,1,Unprofessional,Conduct Enlightenment programs for the police and punish offenders in their ranks
13,15 - 39,Rarely,National Drug Law Enforcement Agency,Saw them raid a drug smuggling neighbourhood,Often,Nigerian Mobile Police,Taking Bribe,No,,,,,Yes,2019,,Saturday,Ondo,1,Unprofessional,Conduct Enlightenment programs for the police and punish offenders in their ranks
13,15 - 39,Rarely,National Drug Law Enforcement Agency,Saw them raid a drug smuggling neighbourhood,Often,Nigerian Mobile Police,Taking Bribe,No,,,,,Yes,2018,,Saturday,Lagos,1,Unprofessional,Conduct Enlightenment programs for the police and punish offenders in their ranks
13,15 - 39,Rarely,National Drug Law Enforcement Agency,Saw them raid a drug smuggling neighbourhood,Often,Nigerian Mobile Police,Taking Bribe,No,,,,,Yes,2017,,Saturday,Ondo,1,Unprofessional,Conduct Enlightenment programs for the police and punish offenders in their ranks
14,15 - 39,Rarely,Nigerian Mobile Police,,Rarely,Nigerian Mobile Police,,No,,2004,Thursday,Kwara,Yes,2020,,Wednesday,Ekiti,1,,
15,15 - 39,Rarely,National Intelligence Agency,Helped a friend ,Often,Nigerian Mobile Police,Always slow fmto respond to theft cases,No,,,Sunday,Abia,Yes,2019,,Sunday,Abia,1,Appalling,They should be educated on how to effectively carry out their assignments
16,15 - 39,Rarely,Nigerian Mobile Police,"It was late in the evening, around Ozumba Mbasiwe Avenue, the bus I entered broke down. The area has become somewhat notorious for robbery and other vices. 
The driver’s assistant refused to refund our money and other buses were filled. While we were having a scuffle, the RRS team on a patrol came and asked the driver and his assistant to refund the passengers. No arrest was made.
Afterwards, they started driving slowly behind us until we got to another bus stop where we got a bus.
We thank them, and we were soon on our way.",Rarely, , ,Yes,,,Saturday,Lagos,No,,,,,3,Pathetic ,"They need to engage in martial arts, basic health and technology trainings, better welfare packages , emotional intelligence training and post-service training. So that while in service, they can serve better and after service they are not rendered redundant because they lack skills that will make them useful aside learning to use firearms. 
More so, the development will encourage others to take up service works. As most people already have disdain for the work. They see it as an escape from lack of employment "
17,15 - 39,Rarely,,,Often,Nigerian Mobile Police,,No,,,,,Yes,2021,,Monday,Lagos,2,Unprofessional ,
17,15 - 39,Rarely,,,Often,Nigerian Mobile Police,,No,,,,,Yes,2020,,Monday,Lagos,2,Unprofessional ,
17,15 - 39,Rarely,,,Often,Nigerian Mobile Police,,No,,,,,Yes,2019,,Monday,Lagos,2,Unprofessional ,
17,15 - 39,Rarely,,,Often,Nigerian Mobile Police,,No,,,,,Yes,2018,,Monday,Lagos,2,Unprofessional ,
17,15 - 39,Rarely,,,Often,Nigerian Mobile Police,,No,,,,,Yes,2017,,Monday,Lagos,2,Unprofessional ,
17,15 - 39,Rarely,,,Often,Nigerian Mobile Police,,No,,,,,Yes,2016,,Monday,Lagos,2,Unprofessional ,
18,15 - 39,Rarely,,A guide on my way.,Rarely,Nigerian Mobile Police,"A bit of harassment, and bribery.",Yes,,2020,Sunday,Lagos,No,,,,,6,,The officers must be taught to be friendly and yet formal in the execution of their duties.
19,15 - 39,Rarely,Nigerian Mobile Police,,Often,Nigerian Mobile Police,,Yes,,2021,Friday,Federal Capital Territory (FCT),Yes,2017,,Thursday,Federal Capital Territory (FCT),3,Scary ,An overhaul restructuring 
19,15 - 39,Rarely,Nigerian Mobile Police,,Often,Nigerian Mobile Police,,Yes,,2020,Friday,Federal Capital Territory (FCT),Yes,2017,,Thursday,Federal Capital Territory (FCT),3,Scary ,An overhaul restructuring 
19,15 - 39,Rarely,Nigerian Mobile Police,,Often,Nigerian Mobile Police,,Yes,,2019,Friday,Federal Capital Territory (FCT),Yes,2017,,Thursday,Federal Capital Territory (FCT),3,Scary ,An overhaul restructuring 
19,15 - 39,Rarely,Nigerian Mobile Police,,Often,Nigerian Mobile Police,,Yes,,2018,Friday,Federal Capital Territory (FCT),Yes,2017,,Thursday,Federal Capital Territory (FCT),3,Scary ,An overhaul restructuring 
19,15 - 39,Rarely,Nigerian Mobile Police,,Often,Nigerian Mobile Police,,Yes,,2017,Friday,Federal Capital Territory (FCT),Yes,2017,,Thursday,Federal Capital Territory (FCT),3,Scary ,An overhaul restructuring 
19,15 - 39,Rarely,Nigerian Mobile Police,,Often,Nigerian Mobile Police,,Yes,,2016,Friday,Federal Capital Territory (FCT),Yes,2017,,Thursday,Federal Capital Territory (FCT),3,Scary ,An overhaul restructuring 
20,15 - 39,Rarely,Nigerian Mobile Police,,Rarely,Nigerian Mobile Police,,No,,,,,Yes,2019,,Saturday,Lagos,4,Toxic,Be a friend indeed to the people rather than an enemy
21,15 - 39,Rarely,Nigerian Mobile Police,,Rarely,Nigerian Mobile Police,,No,,,,,No,,,,,5,,
22,15 - 39,Rarely,,,Rarely,,,No,,,,,Yes,2020,,,,5,,
23,15 - 39,Rarely,Nigerian Mobile Police,,Rarely,Nigerian Mobile Police,,No,,,,,No,,,,,5,Normal,
24,15 - 39,Rarely,,,Often,Nigerian Mobile Police,"Molestation, Stop and Search with intention to dupe and receive bribe",Yes,,2020,Saturday,Delta,Yes,2020,,Friday,Edo,2,,
25,15 - 39,Rarely,,,Rarely,,,No,,,,,No,,,,,4,Incompetency,Decentralising policing and presence will deter crime and allow for better monitoring
26,15 - 39,Rarely,Nigerian Mobile Police,,Often,Nigerian Mobile Police,Took a turn without the sign not to turn and they wanted to haul me to their office to pay almost 50 thousand naira while trying to sexually harass me ,Yes,,2021,Saturday,Lagos,Yes,2021,,Saturday,Lagos,2,Disappointing,"Probably reduce the number of agencies currently available now, then with those they can manage, provide them incentives to motivate them not to always want to extort or harass."
26,15 - 39,Rarely,Nigerian Mobile Police,,Often,Nigerian Mobile Police,Took a turn without the sign not to turn and they wanted to haul me to their office to pay almost 50 thousand naira while trying to sexually harass me ,Yes,,2020,Saturday,Lagos,Yes,2020,,Saturday,Lagos,2,Disappointing,"Probably reduce the number of agencies currently available now, then with those they can manage, provide them incentives to motivate them not to always want to extort or harass."
26,15 - 39,Rarely,State Security Service,,Often,Nigerian Mobile Police,Took a turn without the sign not to turn and they wanted to haul me to their office to pay almost 50 thousand naira while trying to sexually harass me ,Yes,,2021,Saturday,Lagos,Yes,2021,,Saturday,Lagos,2,Disappointing,"Probably reduce the number of agencies currently available now, then with those they can manage, provide them incentives to motivate them not to always want to extort or harass."
26,15 - 39,Rarely,State Security Service,,Often,Nigerian Mobile Police,Took a turn without the sign not to turn and they wanted to haul me to their office to pay almost 50 thousand naira while trying to sexually harass me ,Yes,,2020,Saturday,Lagos,Yes,2021,,Saturday,Lagos,2,Disappointing,"Probably reduce the number of agencies currently available now, then with those they can manage, provide them incentives to motivate them not to always want to extort or harass."
27,15 - 39,Often,Nigerian Mobile Police,I showed my papers and followed all due regulation,Rarely,Nigerian Mobile Police,"Been stopped at a military checkpoint with my family and been abused by the soldier including insulting the elderly ones in the car, with threat to shoot. A deployed soldier from the northeast.",Yes,,2017,Thursday,Osun,Yes,2021,,Friday,Lagos,4,Corrupt,Better training and Re-orientation and discipline
27,15 - 39,Often,Nigerian Mobile Police,I showed my papers and followed all due regulation,Rarely,Nigerian Mobile Police,"Been stopped at a military checkpoint with my family and been abused by the soldier including insulting the elderly ones in the car, with threat to shoot. A deployed soldier from the northeast.",Yes,,2017,Thursday,Osun,Yes,2020,,Friday,Osun,4,Corrupt,Better training and Re-orientation and discipline
27,15 - 39,Often,Nigerian Mobile Police,I showed my papers and followed all due regulation,Rarely,Nigerian Mobile Police,"Been stopped at a military checkpoint with my family and been abused by the soldier including insulting the elderly ones in the car, with threat to shoot. A deployed soldier from the northeast.",Yes,,2017,Thursday,Osun,Yes,2019,,Friday,Oyo,4,Corrupt,Better training and Re-orientation and discipline
27,15 - 39,Often,Nigerian Mobile Police,I showed my papers and followed all due regulation,Rarely,Nigerian Mobile Police,"Been stopped at a military checkpoint with my family and been abused by the soldier including insulting the elderly ones in the car, with threat to shoot. A deployed soldier from the northeast.",Yes,,2017,Thursday,Osun,Yes,2018,,Friday,Lagos,4,Corrupt,Better training and Re-orientation and discipline
27,15 - 39,Often,Nigerian Mobile Police,I showed my papers and followed all due regulation,Rarely,Nigerian Mobile Police,"Been stopped at a military checkpoint with my family and been abused by the soldier including insulting the elderly ones in the car, with threat to shoot. A deployed soldier from the northeast.",Yes,,2017,Thursday,Osun,Yes,2017,,Friday,Osun,4,Corrupt,Better training and Re-orientation and discipline
27,15 - 39,Often,Nigerian Mobile Police,I showed my papers and followed all due regulation,Rarely,Nigerian Mobile Police,"Been stopped at a military checkpoint with my family and been abused by the soldier including insulting the elderly ones in the car, with threat to shoot. A deployed soldier from the northeast.",Yes,,2017,Thursday,Osun,Yes,2016,,Friday,Oyo,4,Corrupt,Better training and Re-orientation and discipline
28,15 - 39,Rarely,National Drug Law Enforcement Agency,,Often,Nigerian Mobile Police,,No,,,,,Yes,2017,,,Anambra,2,"Discouraging, disgusting  reforms ","Sensitization/Reform of the Nigerian police.
"
28,15 - 39,Rarely,National Drug Law Enforcement Agency,,Often,Nigerian Mobile Police,,No,,,,,Yes,2017,,,Lagos,2,Discouraging disgusting   reforms ,"Sensitization/Reform of the Nigerian police.
"
29,15 - 39,Rarely,,,Rarely,Nigerian Mobile Police,Unlawful checking of phone and extortion. ,Yes,,2017,,Lagos,Yes,2016,,,Lagos,3,Dreadful,Total restructuring 
30,15 - 39,Rarely,Nigerian Civil Defense Corps,"The manner by which they handle protest I witnessed.

Also, there mode of Civil ways of attending to situations",Always,Nigerian Mobile Police,"Extortion and harassment by the Nigerian police force. Majorly on the highways.

While the state security has no respect for the rule of law as we can see in the case of Sunday Ighoho .
",No,,,,,Yes,2021,,Thursday,Delta,1, uncivil and unprofessional  rogue,"Is high time Nigeria Police do away with recruiting unprofessional individuals. I prefer a case where they will only recruit graduates with a minimum of HND or BSC. By this, I believe there will be sanity. Instead of recruiting rogues. 

The old rogue should be given compulsory retirement and new educated and professional should replace them."
30,15 - 39,Rarely,Nigerian Civil Defense Corps,"The manner by which they handle protest I witnessed.

Also, there mode of Civil ways of attending to situations",Always,State Security Service,"Extortion and harassment by the Nigerian police force. Majorly on the highways.

While the state security has no respect for the rule of law as we can see in the case of Sunday Ighoho .
",No,,,,,Yes,2020,,Thursday,Lagos,1, uncivil and unprofessional  rogue,"Is high time Nigeria Police do away with recruiting unprofessional individuals. I prefer a case where they will only recruit graduates with a minimum of HND or BSC. By this, I believe there will be sanity. Instead of recruiting rogues. 

The old rogue should be given compulsory retirement and new educated and professional should replace them."
30,15 - 39,Rarely,Nigerian Civil Defense Corps,"The manner by which they handle protest I witnessed.

Also, there mode of Civil ways of attending to situations",Always,Nigerian Mobile Police,"Extortion and harassment by the Nigerian police force. Majorly on the highways.

While the state security has no respect for the rule of law as we can see in the case of Sunday Ighoho .
",No,,,,,Yes,2019,,Thursday,Ogun,1, uncivil and unprofessional  rogue,"Is high time Nigeria Police do away with recruiting unprofessional individuals. I prefer a case where they will only recruit graduates with a minimum of HND or BSC. By this, I believe there will be sanity. Instead of recruiting rogues. 

The old rogue should be given compulsory retirement and new educated and professional should replace them."
31,15 - 39,Rarely,,,Always,Nigerian Mobile Police,Wrong stop and search ,No,,,,,Yes,2021,,Wednesday,Imo,4,,
31,15 - 39,Rarely,,,Always,Nigerian Mobile Police,Wrong stop and search ,No,,,,,Yes,2020,,Wednesday,Imo,4,,
32,15 - 39,Rarely,,,Rarely,,,No,,,,,No,,,,,2,,
33,15 - 39,Rarely,Nigerian Mobile Police,"Settling of dispute
",Rarely,Nigerian Mobile Police,"No prompt response in terms of emergency
",No,,,,,Yes,2021,,Tuesday,Federal Capital Territory (FCT),7,Trying ,"Routine training and good salary
"
34,15 - 39,Rarely,,,Rarely,,I was forced to pay some money because they saw old Naira notes with me after the new polymer notes were introduced. ,Yes,,2007,,Ekiti,Yes,,,,,3,Unpleasant ,Right recruitment process
34,15 - 39,Rarely,,,Rarely,,I was forced to pay some money because they saw old Naira notes with me after the new polymer notes were introduced. ,Yes,,2013,,Enugu,Yes,,,,,3,Unpleasant ,Right recruitment process
35,15 - 39,Rarely,,Polite ,Rarely,,,No,,,,,No,,,,,4,Rude,Increase there sslaries
36,15 - 39,Rarely,Nigerian Mobile Police,,Rarely,Nigerian Mobile Police,Terrible,Yes,,2019,,Rivers,Yes,2021,,,Rivers,2,Terrible,Proper sensitisation from top level to bottom
36,15 - 39,Rarely,Nigerian Mobile Police,,Rarely,Nigerian Mobile Police,Terrible,Yes,,2019,,Rivers,Yes,2020,,,Rivers,2,Terrible,Proper sensitisation from top level to bottom
36,15 - 39,Rarely,Nigerian Mobile Police,,Rarely,Nigerian Mobile Police,Terrible,Yes,,2019,,Rivers,Yes,2019,,,Rivers,2,Terrible,Proper sensitisation from top level to bottom
36,15 - 39,Rarely,Nigerian Mobile Police,,Rarely,Nigerian Mobile Police,Terrible,Yes,,2019,,Rivers,Yes,2018,,,Rivers,2,Terrible,Proper sensitisation from top level to bottom
36,15 - 39,Rarely,Nigerian Mobile Police,,Rarely,Nigerian Mobile Police,Terrible,Yes,,2019,,Rivers,Yes,2017,,,Rivers,2,Terrible,Proper sensitisation from top level to bottom
36,15 - 39,Rarely,Nigerian Mobile Police,,Rarely,Nigerian Mobile Police,Terrible,Yes,,2019,,Rivers,Yes,2016,,,Rivers,2,Terrible,Proper sensitisation from top level to bottom
37,15 - 39,Rarely,Nigerian Mobile Police,They are just doing their normal duties. ,Always,Nigerian Mobile Police,I wanted them to help arrest a scammer and they demanded a very huge sum of money in return. I had to let go of the process ,No,,,,,Yes,2021,,Tuesday,Abia,1,awful ,They should learn to abide by the rules governing policing and stop harassing people
37,15 - 39,Rarely,Nigerian Mobile Police,They are just doing their normal duties. ,Always,Nigerian Mobile Police,I wanted them to help arrest a scammer and they demanded a very huge sum of money in return. I had to let go of the process ,No,,,,,Yes,2020,,Tuesday,Akwa Ibom,1,awful ,They should learn to abide by the rules governing policing and stop harassing people
37,15 - 39,Rarely,Nigerian Mobile Police,They are just doing their normal duties. ,Always,Nigerian Mobile Police,I wanted them to help arrest a scammer and they demanded a very huge sum of money in return. I had to let go of the process ,No,,,,,Yes,2019,,Tuesday,Anambra,1,awful ,They should learn to abide by the rules governing policing and stop harassing people
37,15 - 39,Rarely,Nigerian Mobile Police,They are just doing their normal duties. ,Always,Nigerian Mobile Police,I wanted them to help arrest a scammer and they demanded a very huge sum of money in return. I had to let go of the process ,No,,,,,Yes,2021,,Tuesday,Bayelsa,1,awful ,They should learn to abide by the rules governing policing and stop harassing people
37,15 - 39,Rarely,Nigerian Mobile Police,They are just doing their normal duties. ,Always,Nigerian Mobile Police,I wanted them to help arrest a scammer and they demanded a very huge sum of money in return. I had to let go of the process ,No,,,,,Yes,2021,,Tuesday,Cross River,1,awful ,They should learn to abide by the rules governing policing and stop harassing people
37,15 - 39,Rarely,Nigerian Mobile Police,They are just doing their normal duties. ,Always,Nigerian Mobile Police,I wanted them to help arrest a scammer and they demanded a very huge sum of money in return. I had to let go of the process ,No,,,,,Yes,2021,,Tuesday,Delta,1,awful ,They should learn to abide by the rules governing policing and stop harassing people
37,15 - 39,Rarely,Nigerian Mobile Police,They are just doing their normal duties. ,Always,Nigerian Mobile Police,I wanted them to help arrest a scammer and they demanded a very huge sum of money in return. I had to let go of the process ,No,,,,,Yes,2021,,Tuesday,Ebonyi,1,awful ,They should learn to abide by the rules governing policing and stop harassing people
37,15 - 39,Rarely,Nigerian Mobile Police,They are just doing their normal duties. ,Always,Nigerian Mobile Police,I wanted them to help arrest a scammer and they demanded a very huge sum of money in return. I had to let go of the process ,No,,,,,Yes,2021,,Tuesday,Lagos,1,awful ,They should learn to abide by the rules governing policing and stop harassing people
37,15 - 39,Rarely,Nigerian Mobile Police,They are just doing their normal duties. ,Always,Nigerian Mobile Police,I wanted them to help arrest a scammer and they demanded a very huge sum of money in return. I had to let go of the process ,No,,,,,Yes,2021,,Tuesday,Osun,1,awful ,They should learn to abide by the rules governing policing and stop harassing people
37,15 - 39,Rarely,Nigerian Mobile Police,They are just doing their normal duties. ,Always,Nigerian Mobile Police,I wanted them to help arrest a scammer and they demanded a very huge sum of money in return. I had to let go of the process ,No,,,,,Yes,2021,,Tuesday,Rivers,1,awful ,They should learn to abide by the rules governing policing and stop harassing people
45,15 - 39,Often,Nigerian Mobile Police,They don't disturb us for money anytime we go to school.,Rarely,,,No,,,,,No,,,,,6,unmonitored,
46,15 - 39,Rarely,,,Rarely,,,No,,,,,Yes,2020,,Friday,Lagos,5,,
47,15 - 39,Rarely,,I had ,Rarely,,I had ,No,,,,,No,,,,,3,,They should stop harassing citizens  and taking bribe 
48,15 - 39,Rarely,Nigerian Mobile Police,,Rarely,Nigerian Mobile Police,,No,,,,,Yes,2020,,Thursday,Lagos,4,,
49,15 - 39,Rarely,Nigerian Mobile Police,,Often,Nigerian Mobile Police,Physical harassment ,Yes,,2020,,Lagos,Yes,2021,,,Lagos,2,,
49,15 - 39,Rarely,Nigerian Mobile Police,,Often,Nigerian Mobile Police,Physical harassment ,Yes,,2020,,Lagos,Yes,2020,,,Lagos,2,,
49,15 - 39,Rarely,Nigerian Mobile Police,,Often,Nigerian Mobile Police,Physical harassment ,Yes,,2020,,Lagos,Yes,2019,,,Lagos,2,,
50,15 - 39,Rarely,,,Often,Nigerian Mobile Police,,No,,,,,Yes,2018,,Wednesday,Lagos,2,Unimpressive ,They should stop harassing citizens and carry out their duties effectively 
51,15 - 39,Rarely,Nigerian Mobile Police,,Rarely,Nigerian Mobile Police,Sold a goods without issuing a proper invoice,No,,,,,No,,,,,4,Uninteresting,They have to make the decision to change first. Anything I suggest here won't work. 
51,15 - 39,Rarely,Nigerian Mobile Police,,Rarely,National Security Organization,Sold a goods without issuing a proper invoice,No,,,,,No,,,,,4,Uninteresting,They have to make the decision to change first. Anything I suggest here won't work. 
52,15 - 39,Rarely,Nigerian Mobile Police,Not bad,Rarely,Nigerian Mobile Police,Harassment ,Yes,,2021,Friday,Osun,No,,,,,6,Not bad,They need more orientation 
53,15 - 39,Rarely,Nigerian police,,Rarely,Nigerian police,They arrested my dad for fake money ,No,,,,,Yes,2021,,Wednesday,Lagos,3,,
54,15 - 39,Often,Nigerian Mobile Police,,Rarely,Nigerian Mobile Police,,Yes,,2021,Friday,Lagos,Yes,2021,,Wednesday,Lagos,4,Hungry,
55,15 - 39,Rarely,Nigerian Mobile Police,,Rarely,Nigerian Mobile Police,,No,,,,,Yes,2020,,Thursday,Lagos,4,,"1) create state policing such that every state controls its police and leave the NIA and others at the federal.
2)Increase the strength of the police by employing more and paying them well
3) introduce tech to aid police investigation also all police should have body camera"
56,15 - 39,Rarely,Nigerian Mobile Police,,Rarely,Nigerian Mobile Police,,No,,,,,Yes,2021,,Friday,Lagos,1,They are terrible,Reform them all
56,15 - 39,Rarely,Nigerian Mobile Police,,Rarely,Nigerian Mobile Police,,No,,,,,Yes,2020,,Friday,Oyo,1,They are terrible,Reform them all
56,15 - 39,Rarely,Nigerian Mobile Police,,Rarely,Nigerian Mobile Police,,No,,,,,Yes,2019,,Friday,Lagos,1,They are terrible,Reform them all
56,15 - 39,Rarely,Nigerian Mobile Police,,Rarely,Nigerian Mobile Police,,No,,,,,Yes,2018,,Friday,Oyo,1,They are terrible,Reform them all
56,15 - 39,Rarely,Nigerian Mobile Police,,Rarely,Nigerian Mobile Police,,No,,,,,Yes,2017,,Friday,Lagos,1,They are terrible,Reform them all
56,15 - 39,Rarely,Nigerian Mobile Police,,Rarely,Nigerian Mobile Police,,No,,,,,Yes,2016,,Friday,Oyo,1, terrible,Reform them all
57,15 - 39,Often,Nigerian Mobile Police,,Often,National Security Organization,Harassment,Yes,,2021,Wednesday,Lagos,Yes,2021,,Thursday,Lagos,1,Dissapointed,Evaluation for all police officers before being sent on field
57,15 - 39,Often,Nigerian Mobile Police,,Often,National Security Organization,Harassment,Yes,,2020,Wednesday,Lagos,Yes,2020,,Thursday,Lagos,1,Dissapointed,Evaluation for all police officers before being sent on field
57,15 - 39,Often,Nigerian Mobile Police,,Often,National Security Organization,Harassment,Yes,,2019,Wednesday,Lagos,Yes,2019,,Thursday,Lagos,1,Dissapointed,Evaluation for all police officers before being sent on field
57,15 - 39,Often,Nigerian Mobile Police,,Often,National Security Organization,Harassment,Yes,,2017,Wednesday,Lagos,Yes,2019,,Thursday,Lagos,1,Dissapointed,Evaluation for all police officers before being sent on field
58,15 - 39,Rarely,Nigerian Mobile Police,,Rarely,Nigerian Mobile Police,,No,,,,,Yes,2019,,Monday,Lagos,2,,
58,15 - 39,Rarely,Nigerian Mobile Police,,Rarely,Nigerian Mobile Police,,No,,,,,Yes,2019,,Monday,Ogun,2,,
59,15 - 39,Rarely,Nigerian Mobile Police,,Rarely,Nigerian Mobile Police,,No,,,,,Yes,2021,,Thursday,Lagos,3,,Their rate of harrasment for the drivers should reduce
59,15 - 39,Rarely,Nigerian Mobile Police,,Rarely,Nigerian Mobile Police,,No,,,,,Yes,2020,,Thursday,Lagos,3,,Their rate of harrasment for the drivers should reduce
59,15 - 39,Rarely,Nigerian Mobile Police,,Rarely,Nigerian Mobile Police,,No,,,,,Yes,2019,,Thursday,Lagos,3,,Their rate of harrasment for the drivers should reduce
59,15 - 39,Rarely,Nigerian Mobile Police,,Rarely,Nigerian Mobile Police,,No,,,,,Yes,2018,,Thursday,Lagos,3,,Their rate of harrasment for the drivers should reduce
60,15 - 39,Rarely,,,Often,Nigerian Mobile Police,I got picked up on my way from work. I wanted to visit my parents just before my NYSC camp. I was told to enter their bus despite telling them i was a journalist. I got held for hours before getting bail.,Yes,,2018,Friday,Lagos,Yes,2021,,Thursday,Lagos,1,Traumatic,"A total overhaul of the system. Better pay, qualified personnel and better administration"
60,15 - 39,Rarely,,,Often,Nigerian Mobile Police,I got picked up on my way from work. I wanted to visit my parents just before my NYSC camp. I was told to enter their bus despite telling them i was a journalist. I got held for hours before getting bail.,Yes,,2018,Friday,Lagos,Yes,2020,,Thursday,Lagos,1,Traumatic,"A total overhaul of the system. Better pay, qualified personnel and better administration"
60,15 - 39,Rarely,,,Often,Nigerian Mobile Police,I got picked up on my way from work. I wanted to visit my parents just before my NYSC camp. I was told to enter their bus despite telling them i was a journalist. I got held for hours before getting bail.,Yes,,2018,Friday,Lagos,Yes,2019,,Thursday,Lagos,1,Traumatic,"A total overhaul of the system. Better pay, qualified personnel and better administration"
60,15 - 39,Rarely,,,Often,Nigerian Mobile Police,I got picked up on my way from work. I wanted to visit my parents just before my NYSC camp. I was told to enter their bus despite telling them i was a journalist. I got held for hours before getting bail.,Yes,,2018,Friday,Lagos,Yes,2018,,Thursday,Lagos,1,Traumatic,"A total overhaul of the system. Better pay, qualified personnel and better administration"
60,15 - 39,Rarely,,,Often,Nigerian Mobile Police,I got picked up on my way from work. I wanted to visit my parents just before my NYSC camp. I was told to enter their bus despite telling them i was a journalist. I got held for hours before getting bail.,Yes,,2018,Friday,Lagos,Yes,2017,,Thursday,Lagos,1,Traumatic,"A total overhaul of the system. Better pay, qualified personnel and better administration"
61,15 - 39,Rarely,,,Rarely,Nigerian Mobile Police,,No,,,,,Yes,2017,,,,1,,
61,15 - 39,Rarely,,,Rarely,Nigerian Mobile Police,,No,,,,,Yes,2016,,,,1,,
62,15 - 39,Rarely,,,Rarely,,,No,,,,,No,,,,,3,Bad,
63,15 - 39,Rarely,,,Rarely,,,No,,,,,Yes,2020,,,Lagos,1,Unpleasant ,Education and reorientation 
64,15 - 39,Rarely,,,Often,The Nigerian Police,Extortion,Yes,,2019,Wednesday,Lagos,Yes,2021,,Monday,Lagos,1,Terrible,A completely new Police system
65,15 - 39,Rarely,Nigerian Mobile Police,I extend pleasantries to them and I got a positive response.,Often,Nigerian Mobile Police,"I was wrongly arrested and harassed.
And even after the error was rectified, no apologies or what so ever…

Other verbal harassment cases.",Yes,,2019,Saturday,Rivers,Yes,2021,,Saturday,Abia,3,Unfair,Constant training
65,15 - 39,Rarely,Nigerian Mobile Police,I extend pleasantries to them and I got a positive response.,Often,Nigerian Mobile Police,"I was wrongly arrested and harassed.
And even after the error was rectified, no apologies or what so ever…

Other verbal harassment cases.",Yes,,2018,Saturday,Rivers,Yes,2020,,Saturday,Akwa Ibom,3,Unfair,awareness campaigns & lectures
65,15 - 39,Rarely,Nigerian Mobile Police,I extend pleasantries to them and I got a positive response.,Often,Nigerian Mobile Police,"I was wrongly arrested and harassed.
And even after the error was rectified, no apologies or what so ever…

Other verbal harassment cases.",Yes,,2017,Saturday,Rivers,Yes,2019,,Saturday,Bayelsa,3,Unfair,Labour benefits outside salaries (an hungry man is an angry man)
65,15 - 39,Rarely,Nigerian Mobile Police,I extend pleasantries to them and I got a positive response.,Often,Nigerian Mobile Police,"I was wrongly arrested and harassed.
And even after the error was rectified, no apologies or what so ever…

Other verbal harassment cases.",Yes,,2018,Saturday,Rivers,Yes,2018,,Saturday,Cross River,3,Unfair,Constant training
65,15 - 39,Rarely,Nigerian Mobile Police,I extend pleasantries to them and I got a positive response.,Often,Nigerian Mobile Police,"I was wrongly arrested and harassed.
And even after the error was rectified, no apologies or what so ever…

Other verbal harassment cases.",Yes,,2017,Saturday,Rivers,Yes,2017,,Saturday,Imo,3,Unfair,awareness campaigns & lectures
65,15 - 39,Rarely,Nigerian Mobile Police,I extend pleasantries to them and I got a positive response.,Often,Nigerian Mobile Police,"I was wrongly arrested and harassed.
And even after the error was rectified, no apologies or what so ever…

Other verbal harassment cases.",Yes,,2019,Saturday,Rivers,Yes,2016,,Saturday,Lagos,3,Unfair,Labour benefits outside salaries (an hungry man is an angry man)
66,15 - 39,Rarely,,,Rarely,,,No,,,,,No,,,,,3,Unimpressive,
67,15 - 39,Rarely,,,Often,State Security Service,,Yes,,2020,Friday,Anambra,Yes,2020,,Friday,Anambra,2,Poor ,They should be more sympathetic and should not be susceptible to taking bribe
67,15 - 39,Rarely,,,Often,State Security Service,,Yes,,2018,Friday,Lagos,Yes,2018,,Friday,Lagos,2,Poor ,They should be more sympathetic and should not be susceptible to taking bribe
67,15 - 39,Rarely,,,Often,State Security Service,,Yes,,2018,Friday,Ondo,Yes,2018,,Friday,Lagos,2,Poor ,They should be more sympathetic and should not be susceptible to taking bribe
68,15 - 39,Rarely,,,Often,Nigerian Mobile Police,Extortion,No,,,,,Yes,2019,,Saturday,Kwara,1,unsafe,Better training
69,15 - 39,Rarely,,,Often,Nigerian Mobile Police,,No,,,,,Yes,2021,,Thursday,Lagos,4,,
69,15 - 39,Rarely,,,Often,Nigerian Mobile Police,,No,,,,,Yes,2020,,Thursday,Lagos,4,,
69,15 - 39,Rarely,,,Often,Nigerian Mobile Police,,No,,,,,Yes,2019,,Thursday,Lagos,4,,
69,15 - 39,Rarely,,,Often,Nigerian Mobile Police,,No,,,,,Yes,2018,,Thursday,Lagos,4,,
69,15 - 39,Rarely,,,Often,Nigerian Mobile Police,,No,,,,,Yes,2018,,Thursday,Lagos,4,,
69,15 - 39,Rarely,,,Often,Nigerian Mobile Police,,No,,,,,Yes,2017,,Thursday,Lagos,4,,
70,40 - 69,Rarely,National Security Organization,They just check my papers and allow me to go,Often,Nigerian Mobile Police,They try to extort money through false pretence,Yes,,2019,Tuesday,Delta,Yes,2016,,Wednesday,Delta,2, harass ,The mobile policemen should be closely monitored and censored when they misbehave
70,40 - 69,Rarely,National Security Organization,They just check my papers and allow me to go,Often,Nigerian Mobile Police,They try to extort money through false pretence,Yes,,2018,Tuesday,Delta,Yes,2016,,Wednesday,Delta,2, harass ,The mobile policemen should be closely monitored and censored when they misbehave
70,40 - 69,Rarely,National Security Organization,They just check my papers and allow me to go,Often,Nigerian Mobile Police,They try to extort money through false pretence,Yes,,2017,Tuesday,Delta,Yes,2016,,Wednesday,Delta,2, harass ,The mobile policemen should be closely monitored and censored when they misbehave
71,15 - 39,Rarely,,,Often,Nigerian Mobile Police,I was put behind bars for some hours when I was 13 because our landlord didn't pay refuse disposal fees,Yes,,,Monday,Abia,No,,,,Lagos,4,Bad, for now
72,15 - 39,Rarely,Nigerian Mobile Police,,Rarely,Nigerian Mobile Police,,Yes,,2018,,,No,,,,,2,,
73,15 - 39,Often,Nigerian Mobile Police,,Often,Nigerian Mobile Police,,Yes,,2019,Tuesday,Rivers,Yes,2021,,Tuesday,Rivers,4,Not Fair,
73,15 - 39,Often,Nigerian Mobile Police,,Often,Nigerian Mobile Police,,Yes,,2019,Tuesday,Rivers,Yes,2020,,Tuesday,Rivers,4,Not Fair,
73,15 - 39,Often,Nigerian Mobile Police,,Often,Nigerian Mobile Police,,Yes,,2019,Tuesday,Rivers,Yes,2019,,Tuesday,Rivers,4,Not Fair,
73,15 - 39,Often,Nigerian Mobile Police,,Often,Nigerian Mobile Police,,Yes,,2019,Tuesday,Rivers,Yes,2018,,Tuesday,Rivers,4,Not Fair,
74,15 - 39,Rarely,,,Rarely,,,No,,,,,No,,,,,5,,
75,15 - 39,Rarely,,,Often,Nigerian Mobile Police,"Extortion, not heeding calls for help, rudeness because they have guns",No,,,,,Yes,2021,,Wednesday,Lagos,1,Dissatisfaction ,They should treat citizens as they would treat their families 
75,15 - 39,Rarely,,,Often,State Security Service,"Extortion, not heeding calls for help, rudeness because they have guns",No,,,,,Yes,2020,,Wednesday,Lagos,1,Dissatisfaction ,They should treat citizens as they would treat their families 
75,15 - 39,Rarely,,,Often,Nigerian Mobile Police,"Extortion, not heeding calls for help, rudeness because they have guns",No,,,,,Yes,2021,,Wednesday,Lagos,1,Dissatisfaction ,They should treat citizens as they would treat their families 
76,15 - 39,Rarely,Nigerian Mobile Police,"A policeman gave my brother and I money to fix our flat tire at Nicon junction, Abuja. I have been trying to find him but he is no longer there. It was before the covid19 2020",Often,Nigerian Mobile Police,"During the lockdown, they arrested me near Total gas station in kubwa by 7pm when curfew is by 10pm...took me to the station, collected 5 thousand naira from me with lots of other people without telling me what I did wrong.",Yes,,2020,Sunday,Federal Capital Territory (FCT),Yes,2020,,,Federal Capital Territory (FCT),3,Some of them knows their work while most of them are wicked,They should increase their welfare and salary 
81,15 - 39,Rarely,Nigerian Mobile Police,They help me when a guy was trying to harass me,Rarely,Nigerian Mobile Police,Asking me to give them something,Yes,,2020,Saturday,Lagos,Yes,2021,,Tuesday,Lagos,6,Stucked,Firstly they should stop harassing the youth. It's not a crime to have iPhone or to be rich at young age. They should focus on the main reason that is protecting we the citizens.
82,15 - 39,Always,Nigerian Mobile Police,Unapologetic and very poor,Always,Nigerian Mobile Police,Very rude and unprofessional ,Yes,,2019,Friday,Anambra,Yes,2019,,Friday,Anambra,1,Untrustworthy,There should a psychologist put in check for these people to checkmate them. 
82,15 - 39,Always,Nigerian Mobile Police,Unapologetic and very poor,Always,Nigerian Mobile Police,Very rude and unprofessional ,Yes,,2020,Friday,Anambra,Yes,2020,,Friday,Anambra,1,Untrustworthy,There should a psychologist put in check for these people to checkmate them. 
82,15 - 39,Always,Nigerian Mobile Police,Unapologetic and very poor,Always,Nigerian Mobile Police,Very rude and unprofessional ,Yes,,2021,Friday,Anambra,Yes,2021,,Friday,Anambra,1,Untrustworthy,There should a psychologist put in check for these people to checkmate them. 
83,15 - 39,Rarely,Nigerian Mobile Police,,Often,Nigerian Mobile Police,,Yes,,2021,Saturday,Lagos,Yes,2021,,Saturday,Lagos,2,,
83,15 - 39,Rarely,Nigerian Mobile Police,,Often,Nigerian Mobile Police,,Yes,,2020,Saturday,Lagos,Yes,2020,,Saturday,Lagos,2,,
83,15 - 39,Rarely,Nigerian Mobile Police,,Often,Nigerian Mobile Police,,Yes,,2019,Saturday,Lagos,Yes,2019,,Saturday,Lagos,2,,
84,15 - 39,Rarely,State Security Service,They directed me,Always,State Security Service,Requesting for bribe,No,,,,,Yes,2019,,Tuesday,Lagos,4,Difficult,They should be well paid and trained
85,15 - 39,Rarely,Nigerian Mobile Police,,Rarely,,,No,,,,,No,,,,,4,Good,
86,15 - 39,Rarely,National Drug Law Enforcement Agency,On fake goods,Often,State Security Service,Violent,No,,,,,Yes,2016,,Thursday,Rivers,3,Corrupt,Self content and control
87,15 - 39,Rarely,,,Often,Nigerian Mobile Police,"Undue extortion for the crime of having a laptop in my bag, held at gunpoint for standing with a friend tasked with keeping our organization's technical equipment.",Yes,,2018,,Rivers,Yes,2019,,,Rivers,2,Terrible,
87,15 - 39,Rarely,,,Often,Nigerian Mobile Police,"Undue extortion for the crime of having a laptop in my bag, held at gunpoint for standing with a friend tasked with keeping our organization's technical equipment.",Yes,,2018,,Rivers,Yes,2019,,,Federal Capital Territory (FCT),2,Terrible,
88,15 - 39,Rarely,,,Rarely,,,No,,,,Anambra,Yes,2019,,Thursday,Anambra,5,Terrible,
89,15 - 39,Rarely,,,Often,Nigerian Mobile Police,Harassment,Yes,,2020,,Anambra,Yes,2020,,,Benue,3,Disappointing,State policing 
89,15 - 39,Rarely,,,Often,Nigerian Mobile Police,Harassment,Yes,,2020,,Enugu,Yes,2020,,,Enugu,3,Disappointing,State policing 
90,15 - 39,Rarely,,,Always,Nigerian Mobile Police,,No,,,,,Yes,2021,,Friday,Adamawa,1,,
90,15 - 39,Rarely,,,Always,Nigerian Mobile Police,,No,,,,,Yes,2020,,Friday,Adamawa,1,,
90,15 - 39,Rarely,,,Always,Nigerian Mobile Police,,No,,,,,Yes,2019,,Friday,Adamawa,1,,
91,15 - 39,Rarely,,,Rarely,,,No,,,,,Yes,2021,,Thursday,Osun,4,,
92,15 - 39,Often,Nigerian Mobile Police,It was fascinating,Often,Nigerian Mobile Police,It was hectic,Yes,,2010,Saturday,Ondo,Yes,2020,,Monday,Lagos,5,Incompetent,Sanction of offending officers 
93,15 - 39,Rarely,,,Rarely,Nigerian Mobile Police,,No,,2018,Saturday,Rivers,Yes,2018,,Saturday,Rivers,5,,
94,15 - 39,Rarely,National Drug Law Enforcement Agency,,Often,Nigerian Mobile Police,,No,,,,,No,,,,,3,Corrupt,
95,15 - 39,Rarely,,,Always,Nigerian Mobile Police,Arresting me wrongly and making me pay for what I didn't do,Yes,,2017,Friday,Rivers,Yes,2021,,Monday,Lagos,1,Dehumanizing,Implementation of the right laws and punishments
95,15 - 39,Rarely,,,Always,Nigerian Mobile Police,Arresting me wrongly and making me pay for what I didn't do,Yes,,2017,Friday,Rivers,Yes,2020,,Monday,Lagos,1,Dehumanizing,Implementation of the right laws and punishments
95,15 - 39,Rarely,,,Always,Nigerian Mobile Police,Arresting me wrongly and making me pay for what I didn't do,Yes,,2017,Friday,Rivers,Yes,2019,,Monday,Lagos,1,Dehumanizing,Implementation of the right laws and punishments
95,15 - 39,Rarely,,,Always,Nigerian Mobile Police,Arresting me wrongly and making me pay for what I didn't do,Yes,,2017,Friday,Rivers,Yes,2018,,Monday,Lagos,1,Dehumanizing,Implementation of the right laws and punishments
95,15 - 39,Rarely,,,Always,Nigerian Mobile Police,Arresting me wrongly and making me pay for what I didn't do,Yes,,2017,Friday,Rivers,Yes,2017,,Monday,Lagos,1,Dehumanizing,Implementation of the right laws and punishments
95,15 - 39,Rarely,,,Always,Nigerian Mobile Police,Arresting me wrongly and making me pay for what I didn't do,Yes,,2017,Friday,Rivers,Yes,2016,,Monday,Lagos,1,Dehumanizing,Implementation of the right laws and punishments
96,40 - 69,Rarely,Nigerian Mobile Police,Stopping and searching that I boarded,Rarely,Nigerian Mobile Police,Stopping and searching that I boarded,Yes,,,Wednesday,Lagos,Yes,2010,,Thursday,Lagos,3,Unreliable,Periodic traning and monitoring
97,15 - 39,Rarely,,,Often,Nigerian Mobile Police,Bribery,No,,,,,Yes,2020,,Thursday,Ondo,3,,They should improve their attitude and relationship to citizens and other communities as we;;
98,15 - 39,Rarely,,,Often,Nigerian Mobile Police,Bullying,Yes,,2020,Saturday,Rivers,Yes,2021,,Saturday,Rivers,1,Unchecked,Constitutional amendment
98,15 - 39,Rarely,,,Often,Nigerian Mobile Police,Bullying,Yes,,2020,Saturday,Rivers,Yes,2020,,Saturday,Rivers,1,Unchecked,Constitutional amendment
98,15 - 39,Rarely,,,Often,Nigerian Mobile Police,Bullying,Yes,,2020,Saturday,Rivers,Yes,2019,,Saturday,Rivers,1,Unchecked,Constitutional amendment
99,15 - 39,Rarely,Nigerian Mobile Police,,Rarely,Nigerian Mobile Police,"first was at a game centre, we were released after a bribe was paid. Another was at a traffic light, I was accused of jumping the red light but I was sure I never did",Yes,,2021,Sunday,Lagos,Yes,2021,,Wednesday,Lagos,1,Useless,"it should be scrapped and a new persons that never interacted with the scrapped one be introduced. state policing: police should live in the community they serve, and not the police barracks"
99,15 - 39,Rarely,Nigerian Mobile Police,,Rarely,Nigerian Mobile Police,"first was at a game centre, we were released after a bribe was paid. Another was at a traffic light, I was accused of jumping the red light but I was sure I never did",Yes,,2004,Sunday,Lagos,Yes,2021,,Wednesday,Lagos,1,Useless,"it should be scrapped and a new persons that never interacted with the scrapped one be introduced. state policing: police should live in the community they serve, and not the police barracks"
100,15 - 39,Rarely,,,Often,Nigerian Mobile Police,,Yes,,2020,,Lagos,Yes,2020,,,Lagos,6,Abysmal,
100,15 - 39,Rarely,,,Often,State Security Service,,Yes,,2019,,Lagos,Yes,2020,,,Lagos,6,Abysmal,
101,15 - 39,Rarely,,,Rarely,,,Yes,,2021,Saturday,Delta,Yes,2021,,,Delta,4,Distasteful,
101,15 - 39,Rarely,,,Rarely,,,Yes,,2020,Saturday,Delta,Yes,2020,,,Delta,4,Distasteful,
101,15 - 39,Rarely,,,Rarely,,,Yes,,2019,Saturday,Rivers,Yes,2019,,,Rivers,4,Distasteful,
102,15 - 39,Rarely,Nigerian Mobile Police,,Rarely,Nigerian Mobile Police,,No,,2021,Wednesday,Abia,Yes,2017,,Thursday,Rivers,1,,
103,15 - 39,Rarely,,,Often,Nigerian Mobile Police,They asked our driver to give them money before they would let us pass,Yes,,2021,Tuesday,Enugu,Yes,2021,,Thursday,Rivers,2,Hooligans,Total reformation is needed urgently.
104,15 - 39,Often,Nigerian Mobile Police,,Rarely,Nigerian Mobile Police,,No,,,,,Yes,2021,,Friday,Oyo,5,,
104,15 - 39,Often,Nigerian Mobile Police,,Rarely,Nigerian Mobile Police,,No,,,,,Yes,2020,,Friday,Oyo,5,,
104,15 - 39,Often,Nigerian Mobile Police,,Rarely,Nigerian Mobile Police,,No,,,,,Yes,2019,,Friday,Oyo,5,,
104,15 - 39,Often,Nigerian Mobile Police,,Rarely,Nigerian Mobile Police,,No,,,,,Yes,2018,,Friday,Oyo,5,,
104,15 - 39,Often,Nigerian Mobile Police,,Rarely,Nigerian Mobile Police,,No,,,,,Yes,2017,,Friday,Oyo,5,,
104,15 - 39,Often,Nigerian Mobile Police,,Rarely,Nigerian Mobile Police,,No,,,,,Yes,2016,,Friday,Oyo,5,,
105,15 - 39,Rarely,Nigerian Mobile Police,,Often,Nigerian Mobile Police,,No,,,,Lagos,Yes,2020,,,Lagos,4,,
106,15 - 39,Rarely,Nigerian Mobile Police,I asked them to help me cross,Often,Nigerian Mobile Police,"They barged into my room, harassing me",Yes,,2021,Thursday,Kwara,Yes,2021,,Tuesday,Lagos,3,Disappointing,They should improve in everything. I think they need better management
106,15 - 39,Rarely,Nigerian Mobile Police,I asked them to help me cross,Often,Nigerian Mobile Police,"They barged into my room, harassing me",Yes,,2020,Thursday,Lagos,Yes,2020,,Tuesday,Lagos,3,Disappointing,They should improve in everything. I think they need better management
107,15 - 39,Rarely,Nigerian Mobile Police,Conflict Resolution,Rarely,Nigerian Mobile Police,Oppression,No,,,,,Yes,2021,,Friday,Kwara,3,Absymal,They should develop a human conscience and feeling
107,15 - 39,Rarely,Nigerian Mobile Police,Conflict Resolution,Rarely,Nigerian Mobile Police,Oppression,No,,,,,Yes,2020,,Friday,Kwara,3,Absymal,They should develop a human conscience and feeling
108,15 - 39,Rarely,,I will when I have one.,Always,Nigerian Mobile Police,They are basically bullies with badges. Legal criminals.,Yes,,2021,,Rivers,Yes,2021,,,Rivers,1,Oppression,People should stop joining the police and just look for any other job in Nigeria. They should join because they want to serve and protect the people not just to be wealthy. The police commit more crime these days than actual criminals in Nigeria and it's horrible.
108,15 - 39,Rarely,,I will when I have one.,Always,Special Anti Robery Squad,They are basically bullies with badges. Legal criminals.,Yes,,2020,,Rivers,Yes,2019,,,Federal Capital Territory (FCT),1,Oppression,People should stop joining the police and just look for any other job in Nigeria. They should join because they want to serve and protect the people not just to be wealthy. The police commit more crime these days than actual criminals in Nigeria and it's horrible.
108,15 - 39,Rarely,,I will when I have one.,Always,Nigerian Mobile Police,They are basically bullies with badges. Legal criminals.,Yes,,2019,,Rivers,Yes,2018,,,Rivers,1,Oppression,People should stop joining the police and just look for any other job in Nigeria. They should join because they want to serve and protect the people not just to be wealthy. The police commit more crime these days than actual criminals in Nigeria and it's horrible.
,15-39,Rarely,,I will when I have one.,Always,Special Anti Robery Squad,,,,2018,,,,2017,,,Federal Capital Territory (FCT),,Oppression,People should stop joining the police and just look for any other job in Nigeria. They should join because they want to serve and protect the people not just to be wealthy. The police commit more crime these days than actual criminals in Nigeria and it's horrible.
,,,,,,,,,,,,,,2016,,,Rivers,,Oppression,People should stop joining the police and just look for any other job in Nigeria. They should join because they want to serve and protect the people not just to be wealthy. The police commit more crime these days than actual criminals in Nigeria and it's horrible.
109,15 - 39,Rarely,Nigerian Mobile Police,Extorting cash on the road ,Often,Nigerian Mobile Police,,Yes,,2019,,Akwa Ibom,No,,,,,3,,
109,15 - 39,Rarely,Nigerian Mobile Police,Extorting cash on the road ,Often,Nigerian Mobile Police,,Yes,,2018,,Akwa Ibom,No,,,,,3,,
109,15 - 39,Rarely,Nigerian Mobile Police,Extorting cash on the road ,Often,Nigerian Mobile Police,,Yes,,2017,,Akwa Ibom,No,,,,,3,,
109,15 - 39,Rarely,Nigerian Mobile Police,Extorting cash on the road ,Often,Nigerian Mobile Police,,Yes,,2016,,Akwa Ibom,No,,,,,3,,
110,15 - 39,Often,National Security Organization,,Often,National Security Organization,,Yes,,2021,Monday,Akwa Ibom,Yes,2020,,Wednesday,Akwa Ibom,3,,
111,15 - 39,Rarely,Nigerian Mobile Police,We were packed and they came to find out if there was a problem. ,Rarely,Nigerian Mobile Police,They harrased my friend and I ,Yes,,2021,Tuesday,Federal Capital Territory (FCT),Yes,2020,,Thursday,Federal Capital Territory (FCT),5,Uninspiring,"They should be trained properly, most of them are uneducated. "
112,15 - 39,Rarely,,,Rarely,,,Yes,,2017,Sunday,Lagos,Yes,2019,,Wednesday,Lagos,2,,"They are very not our friend oh, We were driving to church when my brother packed to pump the tyre of the car, then they suddenly appeared with their rickety car and said he was blocking the road. Of course the route was enough for two cars to go side by side. Them the argument began and one them called me ashawo. So I replied in my own words too."
113,15 - 39,Rarely,,,Always,Nigerian Mobile Police,Taking sides and influenced with tips,No,,,,,Yes,2020,,Tuesday,Ogun,3,Discouraging ,"By being just and upright in their dealings, deemphasizing bribes"
